sender,recipient,amount,date
John Doe,Alice Smith,120.50,2022-03-15
Robert Johnson,Emily Williams,75.25,2022-05-20
Michael Brown,Jessica Lee,200.80,2022-02-10
Daniel Davis,Sophia Miller,150.30,2022-04-05
Matthew Wilson,Olivia Anderson,90.75,2022-01-30
Andrew Martinez,Emma Thompson,180.60,2022-06-25
David Taylor,Isabella Harris,100.00,2022-07-12
William Thomas,Abigail Clark,250.50,2022-09-03
Christopher Lewis,Charlotte Young,300.25,2022-11-18
James Rodriguez,Samantha Hall,85.75,2022-08-06
John Jackson,Mia Wright,200.40,2022-12-20
Jacob Turner,Evelyn Walker,150.60,2022-10-07
Ryan Hill,Grace Hill,175.20,2022-03-22
Nicholas Green,Lily Carter,80.30,2022-05-08
Joshua Brooks,Avery Nelson,120.75,2022-02-15
Ethan Reed,Scarlett Adams,95.80,2022-04-30
Joseph Price,Chloe Evans,300.00,2022-01-17
Daniel Brown,Zoey King,220.50,2022-07-05
Logan Cooper,Madison Rivera,180.20,2022-09-21
Benjamin Hughes,Harper Moore,150.75,2022-11-02
Sophia Anderson,Ava Johnson,130.25,2022-08-16
Liam Wilson,Noah Martinez,110.80,2022-12-30
Emma Taylor,Oliver Davis,90.00,2022-10-14
Olivia Brown,Isabella White,250.30,2022-03-29
Noah Lewis,Mason Thomas,200.75,2022-05-15
Ava Rodriguez,Sophia Jackson,160.60,2022-02-22
Sophia Moore,Amelia Anderson,180.00,2022-04-08
Isabella Davis,Charlotte Martinez,75.50,2022-01-25
Mia Johnson,Harper Brown,220.20,2022-07-19
Evelyn Wilson,Liam Lewis,150.75,2022-09-04
